400	International Correspondence School	181
401	Asian Development Bank	181
410	Radio Bible Class	181
420	Bible School on the Air	181
550	Febias College of Bible	181
560	Far East Broadcasting Corporation	181
800	Social Security System	181
801	Camp Crame	181
802	Camp Aguinaldo	181
810	Araneta Center	181
820	Bureau of Internal Revenue	181
830	National Irrigation Administration	181
840	V. Luna Hospital	181
850	Philippine Heart Center	181
860	Quezon City Hall	181
870	Veterans Hospital	181
880	Commission on Audit	181
1000	Manila Central Post Office	181
1001	Quiapo	181
1002	Intramuros	181
1003	Santa Cruz South	181
1004	Malate	181
1005	San Miguel	181
1006	Binondo	181
1007	Paco	181
1008	Sampaloc East	181
1009	Santa Ana	181
1010	San Nicolas	181
1011	Pandacan	181
1012	Tondo South	181
1013	Tondo North	181
1014	Santa Cruz North	181
1015	Sampaloc West	181
1016	Santa Mesa	181
1017	San Andres	181
1018	Port Area South	181
1100	Central	181
1100	Piñahan	181
1100	Project 6	181
1100	Quezon City CPO	181
1101	Botocan	181
1101	Krus na Ligas	181
1101	Malaya	181
1101	Old Capitol Site	181
1101	San Vicente	181
1101	Sikatuna Village	181
1101	Teachers Village	181
1101	University of the Philippines Post Office	181
1101	University of the Philippines Village	181
1102	Amihan	181
1102	Claro	181
1102	Duyan-Duyan	181
1102	E. Rodriguez	181
1102	Kamias	181
1102	Quirino District (Project 2 & 3)	181
1102	Silangan	181
1103	Kamuning	181
1103	Laging Handa	181
1103	Obrero	181
1103	Paligsahan	181
1103	Roxas District	181
1103	Sacred Heart	181
1103	South Triangle	181
1104	Damayan	181
1104	Diliman	181
1104	Mariblo	181
1104	Nayon Kaunlaran	181
1104	Paraiso	181
1104	Phil-Am	181
1104	Santa Cruz	181
1104	Talayan	181
1104	West Triangle	181
1105	Alicia	181
1105	Bagong Pag-Asa	181
1105	Bungad	181
1105	Del Monte	181
1105	Katipunan	181
1105	Paltok	181
1105	Project 7	181
1105	R. Magsaysay	181
1105	San Antonio, Quezon City	181
1105	Santo Cristo	181
1105	Veterans Village	181
1106	Apolonio Samson	181
1106	Baesa	181
1106	Bahay Toro	181
1106	Balintawak	181
1106	Balumbato	181
1106	Project 8	181
1106	Unang Sigaw	181
1107	New Era	181
1107	Pasong Tamo	181
1108	Loyola Heights	181
1108	Pansol	181
1109	Bagumbuhay	181
1109	Bayanihan	181
1109	Blue Ridge	181
1109	Cubao	181
1109	Dioquino Zobel	181
1109	Escopa	181
1109	Mangga	181
1109	Marilag	181
1109	Masagana	181
1109	Milagrosa	181
1109	Project 4	181
1109	San Roque	181
1109	Socorro	181
1109	Tagumpay	181
1109	Villa Maria Clara	181
1110	Bagong Bayan	181
1110	Camp Aguinaldo	181
1110	Libis	181
1110	St. Ignatius	181
1110	Talampas	181
1110	Ugong Norte	181
1110	White Plains	181
1111	Bagong Lipunan	181
1111	Crame	181
1111	Immaculate Concepcion	181
1111	Kaunlaran	181
1111	Pinagkaisahan	181
1111	St. Martin de Porres	181
1112	Damayan Lagi	181
1112	Horseshoe	181
1112	Kalusugan	181
1112	Kristong Hari	181
1112	Mariana	181
1112	Valencia	181
1113	Don Manuel	181
1113	Doña Aurora	181
1113	Doña Imelda	181
1113	Doña Josefa	181
1113	San Isidro	181
1113	Santo Niño	181
1113	Santol	181
1113	Tatalon	181
1114	Gintong Silahis	181
1114	La Loma	181
1114	Lourdes	181
1114	Maharlika	181
1114	Matalahib	181
1114	Paang Bundok	181
1114	Salvacion	181
1114	San Isidro Labrador	181
1114	Santa Teresita	181
1114	Sienna	181
1114	St. Peter	181
1115	Balingasa	181
1115	Damar	181
1115	Manresa	181
1115	Masambong	181
1115	Pag-Ibig sa Nayon	181
1115	San Jose	181
1116	Bagbag	181
1116	San Bartolome	181
1116	Sangandaan (GSIS Village)	181
1116	Sauyo	181
1116	Talipapa	181
1116	Tandang Sora	181
1117	Capri	181
1117	Gulod	181
1117	San Agustin	181
1117	Santa Lucia	181
1117	Santa Monica	181
1118	Fairview	181
1118	Pasong Putik	181
1119	Bagong Silangan	181
1119	Matandang Balara	181
1119	Payatas	181
1120	BF Homes	181
1120	Violago Homes	181
1121	Commonwealth	181
1121	Fairview [North]	181
1122	Fairview [South]	181
1123	Damong Maliit	181
1123	Novaliches Proper	181
1124	Kaligayahan	181
1125	Doña Faustina Subdivision	181
1125	Nagkaisang Nayon	181
1126	Batasan Hills	181
1126	Capitol Hills/Park	181
1127	Holy Spirit	181
1128	Culiat	181
1128	Vasra	181
1135	Araneta Center P.O. Boxes	181
1138	Murphy District P.O. Boxes	181
1141	Broadway Center P.O. Boxes	181
1144	University of the Philippines P.O. Boxes	181
1147	Novaliches P.O. Boxes	181
1150	Quezon City CPO - P.O. Box Nos. 1000 to 1099	181
1151	Quezon City CPO - P.O. Box Nos. 1100 to 1199	181
1152	Quezon City CPO - P.O. Box Nos. 1200 to 1299	181
1153	Quezon City CPO - P.O. Box Nos. 1300 to 1399	181
1154	Quezon City CPO - P.O. Box Nos. 1400 to 1499	181
1155	Quezon City CPO - P.O. Box Nos. 1500 to 1599	181
1156	Quezon City CPO - P.O. Box Nos. 1600 to 1699	181
1157	Quezon City CPO - P.O. Box Nos. 1700 to 1799	181
1158	Quezon City CPO - P.O. Box Nos. 1800 to 1899	181
1159	Quezon City CPO - P.O. Box Nos. 1900 to 1999	181
1160	Quezon City CPO - P.O. Box Nos. 2000 to 2099	181
1161	Quezon City CPO - P.O. Box Nos. 2100 to 2199	181
1162	Quezon City CPO - P.O. Box Nos. 2200 to 2299	181
1163	Quezon City CPO - P.O. Box Nos. 2300 to 2399	181
1164	Quezon City CPO - P.O. Box Nos. 2400 to 2499	181
1165	Quezon City CPO - P.O. Box Nos. 2500 to 2599	181
1166	Quezon City CPO - P.O. Box Nos. 2600 to 2699	181
1167	Quezon City CPO - P.O. Box Nos. 2700 to 2799	181
1168	Quezon City CPO - P.O. Box Nos. 2800 to 2899	181
1169	Quezon City CPO - P.O. Box Nos. 2900 to 2999	181
1170	Quezon City CPO - P.O. Box Nos. 3000 to 3099	181
1171	Quezon City CPO - P.O. Box Nos. 3100 to 3199	181
1172	Quezon City CPO - P.O. Box Nos. 3200 to 3299	181
1173	Quezon City CPO - P.O. Box Nos. 3300 to 3399	181
1174	Quezon City CPO - P.O. Box Nos. 3400 to 3499	181
1175	Quezon City CPO - P.O. Box Nos. 3500 to 3599	181
1176	Quezon City CPO - P.O. Box Nos. 3600 to 3699	181
1177	Quezon City CPO - P.O. Box Nos. 3700 to 3799	181
1200	Makati Central Post Office	181
1201	Fort Bonifacio	181
1202	Fort Bonifacio Naval Station	181
1203	San Antonio Village	181
1204	La Paz, Singkamas, and Tejeros	181
1205	Santa Cruz	181
1206	Kasilawan	181
1207	Carmona and Olympia	181
1208	Valenzuela (includes Rizal, San Miguel, and Santiago Villages)	181
1209	Bel-Air	181
1210	Poblacion	181
1211	Guadalupe Viejo (includes Palm Village)	181
1212	Guadalupe Nuevo (includes Visayan Village)	181
1213	Pinagkaisahan - Pitogo	181
1214	Cembo and South Cembo	181
1215	West Rembo	181
1216	East Rembo and Malapad na Bato	181
1217	Comembo	181
1218	Pembo	181
1219	Forbes Park North	181
1220	Forbes Park South	181
1221	Dasmariñas Village North	181
1222	Dasmariñas Village South	181
1223	San Lorenzo Village	181
1224	Makati Commercial Center (Ayala Center)	181
1225	Urdaneta Village	181
1226	Ayala Avenue-Paseo de Roxas	181
1227	Salcedo Village	181
1228	Greenbelt	181
1229	Legaspi Village	181
1230	Pio del Pilar	181
1231	Pasong Tamo and Ecology Village	181
1232	Magallanes Village	181
1233	Bangkal	181
1234	San Isidro	181
1235	Palanan	181
1300	Pasay City Central Post Office	181
1301	Domestic Airport P.O.	181
1302	San Rafael	181
1303	San Roque	181
1304	Santa Clara	181
1305	San Jose	181
1306	San Isidro	181
1307	Philippine International Convention Center	181
1308	Bay City	181
1309	Villamor Airbase	181
1350	Pasay City CPO - P.O. Box Nos. 1000 to 1099	181
1351	Pasay City CPO - P.O. Box Nos. 1100 to 1199	181
1352	Pasay City CPO - P.O. Box Nos. 1200 to 1299	181
1353	Pasay City CPO - P.O. Box Nos. 1300 to 1399	181
1354	Pasay City CPO - P.O. Box Nos. 1400 to 1499	181
1375	Domestic Airport P.O. - P.O. Box Nos. 1000 to 1099	181
1376	Domestic Airport P.O. - P.O. Box Nos. 1100 to 1199	181
1377	Domestic Airport P.O. - P.O. Box Nos. 1200 to 1299	181
1378	Domestic Airport P.O. - P.O. Box Nos. 1300 to 1399	181
1379	Domestic Airport P.O. - P.O. Box Nos. 1400 to 1499	181
1380	Domestic Airport P.O. - P.O. Box Nos. 1500 to 1599	181
1381	Domestic Airport P.O. - P.O. Box Nos. 1600 to 1699	181
1400	Caloocan City Central Post Office	181
1401	Baesa	181
1402	Santa Quiteria	181
1403	Grace Park East	181
1404	San Jose	181
1405	First Avenue to Seventh Avenue West	181
1406	Grace Park West	181
1407	University Hills	181
1408	Sangandaan	181
1409	Kaunlaran Village (shared with Malabon City and Navotas)	181
1409	Kaunlaran Village	181
1410	Maypajo	181
1411	Fish Market (shared with Navotas)	181
1411	Fish Market	181
1412	Isla de Cocomo	181
1412	Isla de Cocomo	181
1413	Kapitbayahan	181
1413	Kapitbahayan [East]	181
1420	Kaybiga / Deparo	181
1421	Bagumbong / Pag-asa	181
1422	Novaliches	181
1423	Lilles Ville Subdivision	181
1424	Captol Parkland Subdivision	181
1425	Amparo Subdivision / Dela Costa Homes II Subdivision	181
1426	Bankers Village	181
1427	Tala Leprosarium and Victory Heights	181
1428	Bagong Silang	181
1440	Valenzuela Central Post Office	181
1441	Karuhatan - Parada	181
1442	Fortune Village	181
1442	General T. de Leon	181
1442	Paso de Blas	181
1443	Dalandanan - West Canumay	181
1444	Arkong Bato	181
1444	Mabolo	181
1444	Malanday	181
1444	Pasolo	181
1444	Polo	181
1444	Rincon	181
1445	Balangkas - Coloong	181
1446	Lingunan	181
1447	East Canumay - Lawang Bato Punturin	181
1448	Mapulang Lupa	181
1470	Malabon	181
1470	Tinajeros	181
1471	Catmon	181
1472	Longos	181
1473	Tonsuya	181
1474	Acacia	181
1475	Potrero	181
1476	Araneta Subdivision	181
1477	Maysilo	181
1478	Santolan	181
1479	Muzon	181
1480	Dampalit	181
1480	UFO	181
1481	NCR	181
1485	Navotas	181
1489	Tangos	181
1490	Tanza	181
1496	Valenzuela P.O. Boxes [1]	181
1500	San Juan Central Post Office	181
1502	Greenhills Post Office	181
1503	Greenhills [North]	181
1504	Eisenhower - Crame	181
1530	Greenhills P.O. Box Nos. 1000 to 1099	181
1531	Greenhills P.O. Box Nos. 1100 to 1199	181
1532	Greenhills P.O. Box Nos. 1200 to 1299	181
1533	Greenhills P.O. Box Nos. 1300 to 1399	181
1534	Greenhills P.O. Box Nos. 1400 to 1499	181
1535	Greenhills P.O. Box Nos. 1500 to 1599	181
1536	Greenhills P.O. Box Nos. 1600 to 1699	181
1550	Mandaluyong Central Post Office	181
1550	Barangay Plainview	181
1551	Vergara	181
1552	Shaw Boulevard	181
1553	National Center for Mental Health	181
1554	East EDSA	181
1555	Wack Wack	181
1556	Greenhills South	181
1600	Pasig Central Post Office	181
1601	San Joaquin	181
1602	Pinagbuhatan	181
1603	Kapitolyo	181
1604	Ugong	181
1605	Ortigas Post Office	181
1606	Caniogan	181
1607	Maybunga	181
1608	Santa Lucia	181
1609	Rosario	181
1610	Santolan	181
1611	Manggahan	181
1612	Green Park	181
1620	Aguhos	181
1621	Santa Ana	181
1622	San Roque	181
1623	San Pedro	181
1630	Bagumbayan; Pinagsama (including EP Village)	181
1630	Western Bicutan (including Food Terminal, Inc. complex)	181
1631	Bicutan	181
1632	Lower Bicutan - Ususan	181
1633	Upper Bicutan	181
1634	Nichols - McKinley (Fort Bonifacio, Global City)	181
1634	Tilapya	181
1635	Ususan and Palar Village	181
1636	Bay Breeze Executive Village	181
1637	Ibayo - Tipas	181
1638	Ligid	181
1638	Tuktukan	181
1700	Don Galo	181
1700	Mon-El Subdivision	181
1700	Parañaque CPO	181
1701	Tambo	181
1702	Baclaran	181
1703	Marina Subdivision (Reclamation)	181
1704	Santo Niño	181
1705	Ninoy Aquino International Airport	181
1706	Pulo	181
1707	San Antonio Valley 11 & 12	181
1708	Multinational Village	181
1709	South Admiral Village, Merville Park & Moonwalk	181
1710	Executive Heights Subdivision	181
1711	Better Living Subdivision	181
1712	Miramar Subdivision	181
1713	United Parañaque Subdivision	181
1714	Ireneville Subdivision II	181
1715	San Antonio Valley 1	181
1716	Maywood Village II	181
1717	Manila Memorial Park	181
1718	BF Homes 2	181
1719	Ireneville Subdivision I & III	181
1719	Maywood Village I	181
1720	BF Homes 1	181
1740	Las Piñas Central Post Office	181
1741	Remarville Subdivision	181
1742	Pulang Lupa and Zapote	181
1743	Cut-cut	181
1744	Manuyo	181
1745	Gatchalian Subdivision	181
1746	Verdant Acres Subdivision	181
1747	Moonwalk Subdivision and Talon	181
1748	Manila Doctors Village	181
1749	Angela Village	181
1750	Almanza	181
1751	T.S. Cruz Subdivision	181
1752	Soldiers Hills Subdivision	181
1770	Muntinlupa Central Post Office	181
1771	Buli / Cupang	181
1772	Bayanan / Putatan	181
1773	Tunasan	181
1776	Poblacion	181
1778	Aeropark Subdivision	181
1780	Ayala Alabang	181
1781	Filinvest City	181
1799	Alabang	181
1800	Marikina Central Post Office	181
1801	San Roque-Calumpang	181
1802	Industrial Valley	181
1803	Barangka and Tañong	181
1804	J. De La Peña (Provident Villages)	181
1805	Malanday	181
1806	Northern and Western Marikina River	181
1807	Concepcion 1	181
1808	Nangka	181
1809	Parang	181
1810	Marikina Heights	181
1811	Concepcion 2 (SSS Vill.)	181
1820	Bagong Nayon, Cupang, Mambagat, and Mayamot	181
1850	San Mateo	120
1860	Rodriguez, Montalban	120
1870	Antipolo	120
1880	Teresa	120
1900	Cainta	120
1910	Pililla	120
1920	Taytay	120
1930	Angono	120
1940	Binangonan	120
1950	Cardona	120
1960	Morong	120
1970	Baras	120
1980	Tanay	120
1990	Jalajala	120
2000	City of San Fernando	112
2001	Bacolor	112
2002	Santa Rita	112
2003	Guagua	112
2004	Sasmuan	112
2005	Lubao	112
2006	Floridablanca	112
2007	Basa Airbase	112
2008	Porac	112
2009	Angeles City/Clark Special Economic Zone	112
2010	Mabalacat	112
2011	Magalang	112
2012	Arayat	112
2013	Candaba	112
2014	San Luis	112
2015	San Simon	112
2016	Apalit	112
2017	Masantol	112
2018	Macabebe	112
2019	Minalin	112
2020	Santo Tomas	112
2021	Mexico	112
2022	Santa Ana	112
2024	Barangay Balibago, Angeles City	112
2100	Balanga City	109
2101	Pilar	109
2102	Orion	109
2103	Limay	109
2104	Lamao	109
2105	Mariveles	109
2106	Bataan Export Processing Zone (Mariveles)	109
2107	Bagac	109
2108	Morong	109
2109	Refugee Processing Center (Morong)	109
2110	Dinalupihan	109
2111	Hermosa	109
2112	Orani	109
2113	Samal	109
2114	Abucay	109
2200	Olongapo	114
2201	Iba	114
2202	Botolan	114
2203	Cabangan	114
2204	San Felipe	114
2205	San Narciso	114
2206	San Antonio	114
2207	San Marcelino	114
2208	Castillejos	114
2209	Subic	114
2210	Palauig & Scarborough Shoal	114
2211	Masinloc	114
2212	Candelaria	114
2213	Santa Cruz	114
2222	Subic Bay Freeport Zone (Metro Subic)	114
2300	Tarlac City	113
2301	San Miguel, Tarlac City	113
2302	Gerona	113
2303	Santa Ignacia	113
2304	Mayantoc	113
2305	San Clemente	113
2306	Camiling	113
2307	Paniqui	113
2308	Moncada	113
2309	San Manuel	113
2310	Anao	113
2311	Ramos	113
2312	Pura	113
2313	Victoria	113
2314	La Paz	113
2315	Capas	113
2316	Concepcion	113
2317	Bamban	113
2318	San Jose	113
2400	Dagupan	103
2401	Lingayen	103
2402	Labrador	103
2403	Sual	103
2404	Alaminos City	103
2405	Anda	103
2406	Bolinao	103
2407	Bani	103
2408	Agno	103
2409	Mabini	103
2410	Burgos	103
2411	Dasol	103
2412	Infanta	103
2413	Mangatarem	103
2414	Urbiztondo	103
2415	Aguilar	103
2416	Bugallon	103
2417	Binmaley	103
2418	Calasiao	103
2419	Santa Barbara	103
2420	San Carlos City	103
2421	Malasiqui	103
2422	Basista	103
2423	Bayambang	103
2424	Bautista	103
2425	Alcala	103
2426	Santo Tomas	103
2427	Villasis	103
2428	Urdaneta City	103
2429	Mapandan	103
2430	Manaoag	103
2431	San Jacinto	103
2432	Mangaldan	103
2433	San Fabian	103
2434	Sison	103
2435	Pozorrubio	103
2436	Binalonan	103
2437	Laoac	103
2438	San Manuel	103
2439	Asingan	103
2440	Santa Maria	103
2441	Rosales	103
2442	Balungao	103
2443	Umingan	103
2444	San Quintin	103
2445	Tayug	103
2446	Natividad	103
2447	San Nicolas	103
2500	San Fernando City	102
2501	Bauang	102
2502	Caba	102
2503	Aringay	102
2504	Agoo	102
2505	Santo Tomas	102
2506	Rosario	102
2508	Pugo	102
2509	Tubao	102
2510	Burgos	102
2511	Naguilian	102
2512	Bagulin	102
2513	San Gabriel	102
2514	San Juan	102
2515	Bacnotan	102
2516	Santol	102
2517	Balaoan	102
2518	Luna	102
2519	Bangar	102
2520	Sudipen	102
2600	Baguio	164
2601	La Trinidad	164
2602	Philippine Military Academy (Baguio City)	164
2603	Tuba	164
2604	Itogon	164
2605	Bokod	164
2606	Kabayan	164
2607	Buguias	164
2608	Mankayan	164
2609	Lepanto	164
2610	Bakun	164
2611	Kibungan	164
2612	Atok	164
2613	Kapangan	164
2614	Sablan	164
2615	Tublay	164
2616	Bontoc	167
2617	Sadanga	167
2618	Besao	167
2619	Sagada	167
2620	Tadian	167
2621	Bauko	167
2622	Sabangan	167
2623	Barlig	167
2624	Natonin	167
2625	Paracelis	167
2700	Vigan	101
2701	Santa Catalina	101
2702	Caoayan	101
2703	Santa	101
2704	Narvacan	101
2705	Santa Maria	101
2706	San Esteban	101
2707	Santiago	101
2708	Banayoyo	101
2709	Galimuyod	101
2710	Candon	101
2711	Salcedo (Baugen)	101
2712	Santa Lucia	101
2713	Santa Cruz	101
2714	Tagudin	101
2715	Suyo	101
2716	Alilem	101
2717	Sugpon	101
2718	Cervantes	101
2719	Sigay	101
2720	Gregorio del Pilar	101
2721	Quirino (Angkaki)	101
2722	San Emilio	101
2723	Lidlidda	101
2724	Burgos	101
2725	Nagbukel	101
2726	San Vicente	101
2727	Bantay	101
2728	San Ildefonso	101
2729	Santo Domingo	101
2730	Magsingal	101
2731	San Juan (Lapog)	101
2732	Cabugao	101
2733	Sinait	101
2800	Bangued	163
2801	Dolores	163
2802	Lagangilang	163
2803	Tayum	163
2804	Peñarrubia	163
2805	Bucay	163
2806	Pidigan	163
2807	Langiden	163
2808	San Quintin	163
2809	San Isidro	163
2810	Manabo	163
2811	Villaviciosa	163
2812	Pilar	163
2813	Luba	163
2814	Tubo	163
2815	Boliney	163
2816	Daguioman	163
2817	Bucloc	163
2818	Sallapadan	163
2819	Licuan-Baay	163
2820	Malibcong	163
2821	Lacub	163
2822	Tineg	163
2823	San Juan	163
2824	Lagayan	163
2825	Danglas	163
2826	La Paz	163
2900	Laoag	100
2901	San Nicolas	100
2902	Paoay	100
2903	Currimao	100
2904	Badoc	100
2905	Pinili	100
2906	Batac	100
2907	Marcos	100
2908	Banna (Espiritu)	100
2909	Nueva Era	100
2910	Solsona	100
2911	Carasi	100
2912	Piddig	100
2913	Dingras	100
2914	Sarrat	100
2915	Vintar	100
2916	Bacarra	100
2917	Pasuquin	100
2918	Burgos	100
2919	Pagudpud	100
2920	Bangui	100
2921	Dumalneg	100
2922	Adams	100
3000	Malolos	110
3001	Paombong	110
3002	Hagonoy	110
3003	Calumpit	110
3004	Plaridel	110
3005	Pulilan	110
3006	Baliuag	110
3007	Bustos	110
3008	San Rafael	110
3009	Doña Remedios Trinidad	110
3010	San Ildefonso	110
3011	San Miguel	110
3012	Angat	110
3013	Norzagaray	110
3014	Pandi	110
3015	Guiguinto	110
3016	Balagtas (Bigaa)	110
3017	Bulacan	110
3018	Bocaue	110
3019	Marilao	110
3020	Meycauayan	110
3021	Obando	110
3022	Santa Maria	110
3100	Cabanatuan	111
3101	Santa Rosa	111
3102	San Leonardo	111
3103	Peñaranda	111
3104	General Tinio	111
3105	Gapan	111
3106	San Isidro	111
3107	Cabiao	111
3108	San Antonio	111
3109	Jaen	111
3110	Zaragoza	111
3111	Aliaga	111
3112	Licab	111
3113	Quezon	111
3114	Talavera	111
3115	Guimba	111
3116	Nampicuan	111
3117	Cuyapo	111
3118	Talugtug	111
3119	Science City of Muñoz	111
3120	Central Luzon State University	111
3121	San Jose City	111
3122	Lupao	111
3123	Carranglan	111
3124	Pantabangan	111
3125	General Mamerto Natividad	111
3126	Llanera	111
3127	Rizal	111
3128	Bongabon	111
3129	Laur	111
3130	Fort Magsaysay	111
3131	Gabaldon	111
3132	Palayan	111
3133	Santo Domingo	111
3200	Baler	115
3201	San Luis	115
3202	Maria Aurora	115
3203	Dipaculao	115
3204	Casiguran	115
3205	Dilasag	115
3206	Dinalungan	115
3207	Dingalan	115
3300	Ilagan	106
3301	Gamu	106
3302	Naguillan	106
3303	Reina Mercedes	106
3304	Luna	106
3305	Cauayan City	106
3306	Alicia	106
3307	Angadanan	106
3308	San Guillermo	106
3309	Echague	106
3310	San Isidro	106
3311	Santiago City	106
3312	Cordon	106
3313	Jones	106
3314	San Agustin	106
3315	Cabatuan	106
3316	Aurora	106
3317	San Manuel (Callang)	106
3318	San Mateo	106
3319	Ramon	106
3320	Roxas	106
3321	Quirino	106
3322	Burgos	106
3323	Mallig	106
3324	Quezon	106
3325	Tumauini	106
3326	Delfin Albano	106
3327	Santo Tomas	106
3328	Cabagan	106
3329	San Pablo	106
3330	Santa Maria	106
3331	Benito Soliven	106
3332	San Mariano	106
3333	Maconacon	106
3334	Palanan	106
3335	Divilacan	106
3336	Dinapigui	106
3400	Cabarroguis	108
3401	Diffun	108
3402	Saguday	108
3403	Aglipay	108
3404	Maddela	108
3405	Nagtipunan (Abbag)	108
3500	Tuguegarao	105
3501	Enrile	105
3502	Peñablanca	105
3503	Solana	105
3504	Iguig	105
3505	Amulung	105
3506	Baggao	105
3507	Alcala	105
3508	Gattaran	105
3509	Lal-Lo	105
3510	Camalaniugan	105
3511	Buguey	105
3512	Santa Teresita	105
3513	Gonzaga	105
3514	Santa Ana	105
3515	Aparri	105
3516	Ballesteros	105
3517	Abulug	105
3518	Sanchez-Mira	105
3519	Claveria	105
3520	Calayan	105
3521	Santa Praxedes	105
3522	Pamplona	105
3523	Allacapan	105
3524	Lasam	105
3525	Santo Niño	105
3526	Rizal	105
3527	Piat	105
3528	Tuao	105
3600	Lagawe	165
3601	Banaue	165
3602	Mayoyao (Mayaoyao)	165
3603	Hungduan	165
3604	Kiangan	165
3605	Lamut	165
3606	Aguinaldo	165
3607	Hingyon	165
3608	Alfonso Lista (Potia)	165
3609	Tinoc	165
3610	Asipulo	165
3700	Bayombong	107
3701	Ambaguio	107
3702	Bambang	107
3703	Kasibu	107
3704	Aritao	107
3705	Santa Fe (Imugan)	107
3706	Dupax del Norte	107
3707	Dupax del Sur	107
3708	Kayapa	107
3709	Solano	107
3710	Villa Verde (Ibung)	107
3711	Bagabag	107
3712	Diadi	107
3713	Quezon	107
3714	Alfonso Castañeda	107
3800	Tabuk City	166
3801	Balbalan	166
3802	Lubuagan	166
3803	Pasil	166
3804	Tinglayan	166
3805	Tanudan	166
3806	Pinukpuk	166
3807	Conner	168
3808	Rizal (Liwan)	166
3809	Kabugao	168
3810	Flora	168
3811	Santa Marcela	168
3812	Pudtol	168
3813	Luna	168
3814	Calanasan (Bayag)	168
3900	Basco	104
3901	Mahatao	104
3902	Ivana	104
3903	Uyugan	104
3904	Sabtang	104
3905	Itbayat	104
4000	San Pablo City	118
4001	Alaminos	118
4002	Nagcarlan	118
4003	Rizal	118
4004	Liliw	118
4005	Majayjay	118
4006	Botocan, Magdalena	118
4007	Magdalena	118
4008	Pagsanjan	118
4009	Santa Cruz	118
4010	Pila	118
4011	Victoria	118
4012	Calauan	118
4013	Cavinti	118
4014	Lumban	118
4015	Kalayaan	118
4016	Paete	118
4017	Pakil	118
4018	Pangil	118
4019	Siniloan	118
4020	Mabitac	118
4021	Famy	118
4022	Santa Maria	118
4023	San Pedro City	118
4024	Biñan City	118
4025	Cabuyao City	118
4026	Santa Rosa City	118
4027	Calamba City	118
4028	Canlubang, Calamba City	118
4029	Camp Vicente Lim, Calamba City	118
4030	Los Baños	118
4031	University of the Philippines, Los Baños	118
4032	Luisiana	118
4033	Bay	118
4100	Cavite City	117
4101	Sangley Point Naval Base (Cavite City)	117
4102	Bacoor City	117
4103	Imus City	117
4104	Kawit	117
4105	Noveleta	117
4106	Rosario	117
4107	General Trias City	117
4108	Tanza	117
4109	Trece Martires City	117
4110	Naic	117
4111	Ternate	117
4112	Maragondon	117
4113	Magallanes	117
4114	Dasmariñas	117
4115	Dasmariñas Resettlement Area (Dasmariñas City)	117
4116	Carmona	117
4117	General Mariano Alvarez	117
4118	Silang	117
4119	Amadeo	117
4120	Tagaytay City	117
4121	Mendez (Mendez-Nuñez)	117
4122	Indang	117
4123	Alfonso	117
4124	General Emilio Aguinaldo (Bailen)	117
4125	Corregidor Island	117
4126	First Cavite Industrial Estate (Dasmariñas City)	117
4200	Batangas City	116
4201	Bauan	116
4202	Mabini	116
4203	Tingloy	116
4204	San Pascual	116
4205	Alitagtag	116
4206	Santa Teresita	116
4207	San Nicolas	116
4208	Taal	116
4209	Lemery	116
4210	San Luis	116
4211	Agoncillo	116
4212	Calaca	116
4213	Balayan	116
4214	Tuy	116
4215	Calatagan	116
4216	Lian	116
4217	Lipa City	116
4218	Fernando Air Base (Lipa City)	116
4219	Balete	116
4220	Talisay	116
4221	Laurel	116
4222	Cuenca	116
4223	Mataas na Kahoy	116
4224	Padre Garcia	116
4225	Rosario	116
4226	San Juan	116
4227	San Jose	116
4228	Taysan	116
4229	Lobo	116
4230	Ibaan	116
4231	Nasugbu	116
4232	Tanauan City	116
4233	Malvar	116
4234	Santo Tomas	116
4300	Provincial Capitol, Lucena City	119
4301	Lucena City	119
4302	Pagbilao	119
4303	Padre Burgos	119
4304	Agdangan	119
4305	Unisan	119
4306	Plaridel	119
4307	Gumaca	119
4308	Pitogo	119
4309	Macalelon	119
4310	General Luna, Quezon	119
4311	Catanauan	119
4312	Mulanay	119
4313	San Narciso	119
4314	San Andres	119
4315	San Francisco (Aurora)	119
4316	Lopez	119
4317	Hondagua, Lopez	119
4318	Calauag	119
4319	Guinayangan	119
4320	Buenavista	119
4321	Tagkawayan	119
4322	Sariaya	119
4323	Candelaria	119
4324	San Antonio	119
4325	Tiaong	119
4326	Dolores	119
4327	Tayabas	119
4328	Lucban	119
4329	Sampaloc	119
4330	Mauban	119
4331	Atimonan	119
4332	Quezon	119
4333	Alabat	119
4334	Perez	119
4335	Real	119
4336	Infanta	119
4337	Panukulan	119
4338	General Nakar	119
4339	Polillo	119
4340	Burdeos	119
4341	Patnanungan	119
4342	Jomalig	119
4400	Naga City	128
4401	Camaligan	128
4402	Canaman	128
4403	Magarao	128
4404	Bombon	128
4405	Calabanga	128
4406	Cabusao	128
4407	Libmanan	128
4408	Sipocot	128
4409	Lupi	128
4410	Ragay	128
4411	Del Gallego	128
4412	Gainza	128
4413	Milaor	128
4414	Minalabac	128
4415	San Fernando	128
4416	Pamplona	128
4417	Pasacao	128
4418	Pili	128
4419	Ocampo	128
4420	Tigaon	128
4421	Sagñay	128
4422	Goa	128
4423	San Jose	128
4424	Presentacion	128
4425	Lagonoy	128
4426	Tinambac	128
4427	Siruma	128
4428	Garchitorena	128
4429	Caramoan	128
4430	Bula	128
4431	Iriga	128
4432	Baao	128
4433	Buhi	128
4434	Nabua	128
4434	Nabua	128
4435	Bato	128
4436	Balatan	128
4500	Legazpi City	126
4501	Daraga (Locsin)	126
4502	Camalig	126
4503	Guinobatan	126
4504	Ligao	126
4505	Oas	126
4506	Polangui	126
4507	Libon	126
4508	Santo Domingo	126
4509	Bacacay	126
4510	Malilipot	126
4511	Tabaco	126
4512	Malinao	126
4513	Tiwi	126
4514	Manito	126
4515	Jovellar	126
4516	Pio Duran (Malacbalac)	126
4517	Rapu-Rapu	126
4600	Daet	127
4601	Mercedes	127
4602	Talisay	127
4603	Vinzons	127
4604	Labo	127
4605	Paracale	127
4606	Jose Panganiban	127
4607	Capalonga	127
4608	Basud	127
4609	San Vicente	127
4610	San Lorenzo Ruiz	127
4611	Santa Elena	127
4612	Tulay-na-Lupa	127
4700	Sorsogon City	131
4701	Bacon	131
4702	Casiguran	131
4703	Juban	131
4704	Bulusan	131
4705	Magallanes	131
4706	Bulan	131
4707	Irosin	131
4708	Matnog	131
4709	Santa Magdalena	131
4710	Gubat	131
4711	Prieto Diaz	131
4712	Barcelona	131
4713	Castilla	131
4714	Pilar	131
4715	Donsol	131
4800	Virac	129
4801	Bato	129
4802	San Miguel	129
4803	Baras	129
4804	Gigmoto	129
4805	Viga	129
4806	Panganiban	129
4807	Bagamanoc	129
4808	Caramoran	129
4809	Pandan	129
4810	San Andres	129
4900	Boac	121
4901	Mogpog	121
4902	Santa Cruz	121
4903	Torrijos	121
4904	Buenavista	121
4905	Gasan	121
5000	Iloilo City	135
5001	Pavia	135
5002	Santa Barbara	135
5003	Leganes	135
5004	Zarraga	135
5005	New Lucena	135
5006	Dumangas	135
5007	Barotac Nuevo	135
5008	Pototan	135
5009	Anilao	135
5010	Banate	135
5011	Barotac Viejo	135
5012	Ajuy	135
5013	Concepcion	135
5014	Sara	135
5015	San Dionisio	135
5016	Batad	135
5017	Estancia	135
5018	Balasan	135
5019	Carles	135
5020	Oton	135
5021	Tigbauan	135
5022	Guimbal	135
5023	Miagao	135
5024	San Joaquin	135
5025	San Miguel	135
5026	Leon	135
5027	Tubungan	135
5028	Alimodian	135
5029	Igbaras	135
5030	Maasin	135
5031	Cabatuan	135
5032	Mina	135
5033	Badiangan	135
5034	Janiuay	135
5035	Dingle	135
5036	San Enrique	135
5037	Passi City	135
5038	Duenas	135
5039	San Rafael	135
5040	Calinog	135
5041	Bingawan	135
5042	Lambunao	135
5043	Lemery	135
5044	Buenavista	136
5045	Jordan	136
5046	Nueva Valencia	136
5047	San Lorenzo	136
5048	Sibunag	136
5100	San Jose	122
5101	Magsaysay	122
5102	Calintaan	122
5103	Rizal	122
5104	Sablayan	122
5105	Santa Cruz	122
5106	Mamburao	122
5107	Paluan	122
5108	Abra de Ilog	122
5109	Lubang	122
5110	Tilik	122
5111	Looc	122
5200	Calapan	123
5201	Baco	123
5202	San Teodoro	123
5203	Puerto Galera	123
5204	Naujan	123
5205	Victoria	123
5206	Pola	123
5207	Socorro	123
5208	Pinamalayan	123
5209	Gloria	123
5210	Bansud	123
5211	Bongabong	123
5212	Roxas	123
5213	Mansalay	123
5214	Bulalacao	123
5300	Puerto Princesa	124
5301	Iwahig Penal Colony	124
5302	Aborlan	124
5303	Narra (Panacan)	124
5304	Quezon	124
5305	Brooke's Point	124
5306	Bataraza	124
5307	Balabac	124
5308	Roxas	124
5309	San Vicente	124
5310	Dumaran	124
5311	Araceli	124
5312	Taytay	124
5313	El Nido (Bacuit)	124
5314	Linapacan	124
5315	Culion	124
5316	Coron	124
5317	Busuanga	124
5318	Cuyo	124
5319	Magsaysay	124
5320	Agutaya	124
5321	Cagayancillo	124
5322	Kalayaan (Spratly Islands)	124
5400	Masbate City	130
5401	Mobo	130
5402	Uson	130
5403	Dimasalang	130
5404	Palanas	130
5405	Cataingan	130
5406	Pio V. Corpuz	130
5407	Esperanza	130
5408	Placer	130
5409	Cawayan	130
5410	Milagros	130
5411	Mandaon	130
5412	Balud	130
5413	Baleno	130
5414	Aroroy	130
5415	Batuan	130
5416	San Fernando	130
5417	San Jacinto	130
5418	Monreal	130
5419	Claveria	130
5420	San Pascual	130
5421	Buenavista	130
5500	Romblon	125
5501	San Agustin	125
5502	Santa Maria (Imelda)	125
5503	Calatrava	125
5504	San Andres	125
5505	Odiongan	125
5506	Ferrol	125
5507	Looc	125
5508	Santa Fe	125
5509	Alcantara	125
5510	San Jose	125
5511	Magdiwang	125
5512	Cajidiocan	125
5513	San Fernando	125
5514	Corcuera	125
5515	Banton (Jones)	125
5516	Concepcion	125
5600	Kalibo	132
5601	Banga	132
5602	Libacao	132
5603	Madalag	132
5604	Numancia	132
5605	Lezo	132
5606	Malinao	132
5607	Nabas	132
5608	Malay	132
5609	Buruanga	132
5610	New Washington	132
5611	Makato	132
5612	Tangalan	132
5613	Ibajay	132
5614	Balete	132
5615	Batan	132
5616	Altavas	132
5700	San Jose	133
5701	Belison	133
5702	Patnongon	133
5703	Valderrama	133
5704	Bugasong	133
5705	Laua-an	133
5706	Barbaza	133
5707	Tibiao	133
5708	Culasi	133
5709	Sebaste	133
5710	Libertad	133
5711	Caluya	133
5712	Pandan	133
5713	Sibalom	133
5714	San Remigio	133
5715	Hamtic	133
5716	Tobias Fornier (Dao)	133
5717	Anini-y	133
5800	Roxas City	134
5801	Pan-ay	134
5802	Pontevedra	134
5803	President Roxas	134
5804	Pilar	134
5805	Ivisan	134
5806	Sapian	134
5807	Mambusao	134
5808	Jamindan	134
5809	Ma-ayon	134
5810	Dao	134
5811	Cuartero	134
5812	Dumarao	134
5813	Dumalag	134
5814	Tapaz	134
5815	Panitan	134
5816	Sigma	134
6000	Cebu City	138
6001	Consolacion	138
6002	Liloan	138
6003	Compostela	138
6004	Danao City	138
6005	Carmen	138
6006	Catmon	138
6007	Sogod	138
6008	Borbon	138
6009	Tabogon	138
6010	Bogo City	138
6011	San Remigio	138
6012	Medellin	138
6013	Daanbantayan	138
6014	Mandaue	138
6015	Lapu-Lapu City (Opon)	138
6016	Mactan Airport	138
6017	Cordova	138
6018	San Fernando	138
6019	Carcar	138
6020	Sibonga	138
6021	Argao	138
6022	Dalaguete	138
6023	Alcoy	138
6024	Boljoon	138
6025	Oslob	138
6026	Santander	138
6027	Samboan	138
6028	Ginatilan	138
6029	Malabuyoc	138
6030	Alegria	138
6031	Badian	138
6032	Moalboal	138
6033	Alcantara	138
6034	Ronda	138
6035	Dumanjug	138
6036	Barili	138
6037	Naga City	138
6038	Toledo	138
6039	Pinamungajan	138
6040	Aloguinsan	138
6041	Balamban	138
6042	Asturias	138
6043	Tuburan	138
6044	Tabuelan	138
6045	Talisay City	138
6046	Minglanilla	138
6047	Santa Fe	138
6048	Pilar	138
6049	Poro	138
6050	San Francisco	138
6051	Tudela	138
6052	Bantayan	138
6053	Madridejos	138
6100	Bacolod City	179
6101	Bago City	179
6102	Pulupandan	179
6103	Valladolid	179
6104	San Enrique	179
6105	Pontevedra	179
6106	Hinigaran	179
6107	Binalbagan	179
6108	Himamaylan	179
6109	Ilog	179
6110	Candoni	179
6111	Kabankalan	179
6112	Cauayan	179
6113	Sipalay	179
6114	Hinoba-an	179
6115	Talisay City	179
6116	Silay	179
6117	Salvador Benedicto	179
6118	Enrique B. Magalona	179
6119	Victorias	179
6120	Manapla	179
6121	Cadiz City	179
6122	Sagay City	179
6123	Paraiso (Fabrica)	179
6124	Escalante City	179
6125	Toboso	179
6126	Calatrava	179
6127	San Carlos City	179
6128	Isabela	179
6129	Murcia	179
6130	La Carlota City	179
6131	La Castellana	179
6132	Moises Padilla	179
6200	Dumaguete	180
6201	Sibulan	180
6202	San Jose	180
6203	Amlan	180
6204	Tanjay	180
6205	Pamplona	180
6206	Bais City	180
6207	Mabinay	180
6208	Manjuyod	180
6209	Bindoy	180
6210	Ayungon	180
6211	Tayasan	180
6212	Jimalalud	180
6213	La Libertad	180
6214	Guihulngan	180
6215	Valencia	180
6216	Bacong	180
6217	Dauin	180
6218	Zamboanguita	180
6219	Siaton	180
6220	Santa Catalina	180
6221	Bayawan	180
6222	Basay	180
6223	Canlaon	180
6224	Vallehermoso	180
6225	Siquijor	139
6226	Larena	139
6227	San Juan	139
6228	Lazi	139
6229	Maria	139
6230	Enrique Villanueva	139
6300	Tagbilaran	137
6301	Baclayon	137
6302	Alburquerque	137
6303	Loay	137
6304	Lila	137
6305	Dimiao	137
6306	Valencia	137
6307	Garcia Hernandez	137
6308	Jagna	137
6309	Duero	137
6310	Guindulman	137
6311	Anda	137
6312	Candijay	137
6313	Mabini	137
6314	Alicia	137
6315	Ubay	137
6316	Loboc	137
6317	Bilar	137
6318	Batuan	137
6319	Carmen	137
6320	Sierra Bullones	137
6321	Pilar	137
6322	Dagohoy	137
6323	San Miguel	137
6324	Trinidad	137
6325	Talibon	137
6326	Bien Unido	137
6327	Loon	137
6328	Calape	137
6329	Tubigon	137
6330	Clarin	137
6331	Sagbayan	137
6332	Inabanga	137
6333	Buenavista	137
6334	Jetafe	137
6335	Antequera	137
6336	Maribojoc	137
6337	Corella	137
6338	Sikatuna	137
6339	Dauis	137
6340	Panglao	137
6341	Cortes	137
6342	Balilihan	137
6343	Catigbian	137
6344	Danao	137
6345	San Isidro	137
6346	Pres. Carlos P. Garcia (Pitogo)	137
6347	Sevilla	137
6400	Catarman	142
6401	Bobon	142
6402	San Jose	142
6403	Lope de Vega	142
6404	Lavezares	142
6405	Allen	142
6406	Victoria	142
6407	San Antonio	142
6408	Capul	142
6409	San Isidro	142
6410	Biri	142
6411	Laoang	142
6412	Mapanas	142
6413	Pambujan	142
6414	Silvino Lobos	142
6415	San Roque	142
6416	Rosario	142
6417	Mondragon	142
6418	Catubig	142
6419	San Vicente	142
6420	Las Navas	142
6421	Palapag	142
6422	Gamay	142
6423	Lapinig	142
6500	Tacloban	141
6501	Palo	141
6502	Tanauan	141
6503	Tolosa	141
6504	Tabontabon	141
6505	Dulag	141
6506	Julita	141
6507	Mayorga	141
6508	La Paz	141
6509	MacArthur	141
6510	Abuyog	141
6511	Javier	141
6512	Mahaplag	141
6513	Santa Fe	141
6514	Pastrana	141
6515	Dagami	141
6516	Burauen	141
6517	Alangalang	141
6518	San Miguel	141
6519	Barugo	141
6520	Babatngon	141
6521	Baybay	141
6522	Inopacan	141
6523	Hindang	141
6524	Hilongos	141
6525	Bato	141
6526	Matalom	141
6527	Jaro	141
6528	Tunga	141
6529	Carigara	141
6530	Capoocan	141
6531	Kananga	141
6532	Matag-ob	141
6533	Leyte	141
6534	Calubian	141
6535	San Isidro	141
6536	Tabango	141
6537	Villaba	141
6538	Palompon	141
6539	Isabel	141
6540	Merida	141
6541	Ormoc	141
6542	Albuera	141
6543	Naval	145
6544	Almeria	145
6545	Kawayan	145
6546	Maripipi	145
6547	Culaba	145
6548	Caibiran	145
6549	Biliran	145
6550	Cabucgayan	145
6600	Maasin	144
6601	Macrohon	144
6602	Padre Burgos	144
6603	Malitbog	144
6604	Bontoc	144
6605	Tomas Oppus	144
6606	Sogod	144
6607	Silago	144
6608	Hinunangan	144
6609	Hinundayan	144
6610	Anahawan	144
6611	San Juan (Cabalian)	144
6612	Liloan	144
6613	San Francisco	144
6614	Pintuyan	144
6615	Libagon	144
6616	Saint Bernard	144
6617	San Ricardo	144
6618	Limasawa	144
6700	Catbalogan	143
6701	Jiabong	143
6702	Motiong	143
6703	Paranas (Wright)	143
6704	Tarangnan	143
6705	Pagsanghan	143
6706	Gandara	143
6707	San Jorge	143
6708	Matuguinao	143
6709	Santa Margarita	143
6710	Calbayog	143
6711	Santo Niño	143
6712	Tagapul-an	143
6713	Hinabangan	143
6714	San Sebastian	143
6715	Calbiga	143
6716	Pinabacdao	143
6717	Villareal	143
6718	Santa Rita	143
6719	Talalora	143
6720	Basey	143
6721	Marabut	143
6722	Daram	143
6723	San Jose De Buan	143
6724	Almagro	143
6725	Zumarraga	143
6800	Borongan	140
6801	Balangkayan	140
6802	Maydolong	140
6803	Llorente	140
6804	Hernani	140
6805	General MacArthur	140
6806	Can-avid	140
6807	Salcedo	140
6808	Mercedes	140
6809	Guiuan	140
6810	Quinapondan	140
6811	Giporlos	140
6812	Balangiga	140
6813	Lawaan	140
6814	San Julian	140
6815	Sulat	140
6816	Taft	140
6817	Dolores	140
6818	Oras	140
6819	Jipapad	140
6820	Maslog	140
6821	San Policarpo	140
6822	Arteche	140
7000	Zamboanga City	147
7001	Ipil	148
7002	Roseller T. Lim	148
7003	Titay	148
7004	Naga	148
7005	Kabasalan	148
7006	Siay	148
7007	Imelda	148
7008	Payao	148
7009	Buug	148
7010	Mabuhay	148
7011	Bayog	147
7012	Talusan	148
7013	Kumalarang	147
7014	Lakewood	147
7015	Dumalinao	147
7016	Pagadian	147
7017	Labangan	147
7018	Tungawan	148
7019	Tukuran	147
7020	Aurora	147
7021	Midsalip	147
7022	Sominot (Don Mariano Marcos)	147
7023	Molave	147
7024	Ramon Magsaysay (Liargo)	147
7025	Tambulig	147
7026	Mahayag	147
7027	Josefina	147
7028	Dumingag	147
7029	San Miguel	147
7030	Dinas	147
7031	San Pablo	147
7032	Dimataling	147
7033	Pitogo	147
7034	Tabina	147
7035	Margosatubig	147
7036	Vincenzo A. Sagun	147
7037	Lapuyan	147
7038	Malangas	148
7039	Diplahan	148
7040	Alicia	148
7041	Olutanga	148
7042	Guipos	147
7043	Tigbao	147
7100	Dipolog	146
7101	Dapitan	146
7102	Pres. Manuel A. Roxas	146
7103	Sibutad	146
7104	Rizal	146
7105	Piñan	146
7106	Polanco	146
7107	Mutia	146
7108	Sergio Osmeña Sr.	146
7109	Katipunan	146
7110	Manukan	146
7111	Jose Dalman (Ponot)	146
7112	Sindangan	146
7113	Siayan	146
7114	Salug	146
7115	Liloy	146
7116	Tampilisan	146
7117	Labason	146
7118	Gutalac	146
7119	La Libertad	146
7120	Siocon	146
7121	Sirawai	146
7122	Sibuco	146
7123	Baliguian	146
7124	Kalawit	146
7125	Leon B. Postigo	146
7200	Ozamiz	152
7201	Clarin	152
7202	Tudela	152
7203	Sinacaban	152
7204	Jimenez	152
7205	Panaon	152
7206	Aloran	152
7207	Oroquieta	152
7208	Lopez Jaena	152
7209	Plaridel	152
7210	Calamba	152
7211	Baliangao	152
7212	Sapang Dalaga	152
7213	Concepcion	152
7214	Tangub	152
7215	Bonifacio	152
7300	Isabela City	169
7301	Lantawan	169
7302	Lamitan	169
7303	Maluso	169
7304	Tipo-Tipo	169
7305	Sumisip	169
7306	Tuburan	169
7400	Jolo	172
7400	Pandami	172
7401	Patikul	172
7402	Old Panamao	172
7403	Talipao	172
7404	Luuk (Omar)	172
7405	Pata	172
7406	Banguingui (Tongkil)	172
7407	Indanan	172
7408	Parang	172
7409	Maimbung	172
7410	Tapul	172
7411	Lugus	172
7412	Siasi	172
7413	Hadji Panglima Tahil	172
7414	Pangutaran	172
7415	Panglima Estino (New Panamao)	172
7416	Kalingalan Calauang	172
7500	Bongao	173
7501	Panglima Sugala (Balimbing)	173
7502	Tandubas	173
7503	Sapa-Sapa	173
7504	South Ubian	173
7505	Simunul	173
7506	Sitangkai	173
7507	Turtle Islands (Taganak)	173
7508	Mapun (Cagayan de Sulu)	173
7509	Languyan	173
7510	Sibutu	173
8000	Davao City	155
8001	Santa Cruz	155
8002	Digos	155
8003	Matanao	155
8004	Magsaysay	155
8005	Bansalan	155
8006	Hagonoy	155
8007	Padada	155
8008	Kiblawan	155
8009	Sulop	155
8010	Malalag	155
8011	Santa Maria	158
8012	Malita	158
8013	Don Marcelino	158
8014	Jose Abad Santos	158
8015	Sarangani	158
8100	Tagum	154
8101	Carmen	154
8102	Asuncion	154
8104	New Corella	154
8105	Panabo	154
8112	Santo Tomas	154
8113	Kapalong	154
8118	Babak	154
8119	Samal City	154
8120	Kaputian	154
8200	Mati	156
8201	Tarragona	156
8202	Manay	156
8203	Caraga	156
8204	Baganga	156
8205	Cateel	156
8206	Boston	156
8207	Lupon	156
8208	Banaybanay	156
8209	San Isidro	156
8210	Governor Generoso	156
8300	Tandag	177
8301	San Miguel	177
8302	Tago	177
8303	Bayabas	177
8304	Cagwait	177
8305	San Agustin	177
8306	Marihatag	177
8307	Lianga	177
8308	Tagbina	177
8309	Barobo	177
8310	Hinatuan	177
8311	Bislig	177
8312	Lingig	177
8313	Cortes	177
8314	Lanuza	177
8315	Carmen	177
8316	Madrid	177
8317	Cantilan	177
8318	Carrascal	177
8400	Surigao City	176
8401	San Francisco	176
8402	Malimono	176
8403	Tagana-an	176
8404	Sison	176
8405	Placer	176
8406	Tubod	176
8407	Mainit	176
8408	Bacuag	176
8409	Gigaquit	176
8410	Claver	176
8411	Cagdianao	178
8412	Dinagat	178
8413	Basilisa (Rizal)	178
8414	Libjo (Albor)	178
8415	Loreto	178
8416	Socorro	176
8417	Dapa	176
8418	Del Carmen	176
8419	General Luna	176
8420	Pilar	176
8421	San Isidro	176
8422	Santa Monica	176
8423	San Benito	176
8424	Burgos	176
8425	Alegria	176
8426	Tubajon	178
8427	San Jose	178
8500	Prosperidad	175
8501	San Francisco	175
8502	Bayugan	175
8503	Sibagat	175
8504	Rosario	175
8505	Trento	175
8506	Bunawan	175
8507	Loreto	175
8508	La Paz	175
8509	Veruela	175
8510	Talacogon	175
8511	San Luis	175
8512	Santa Josefa	175
8513	Esperanza	175
8600	Butuan	174
8601	Buenavista	174
8602	Nasipit	174
8603	Carmen	174
8604	Magallanes	174
8605	Cabadbaran	174
8606	Tubay	174
8607	Jabonga	174
8608	Santiago	174
8609	Kitcharao	174
8610	Las Nieves	174
8611	Remedios T. Romualdez	174
8700	Malaybalay	149
8701	Sumilao	149
8702	Impasugong	149
8703	Manolo Fortich	149
8704	Malitbog	149
8705	Camp Phillips	149
8706	Libona	149
8707	Baungon	149
8708	Talakag	149
8709	Valencia City	149
8710	Musuan	149
8711	San Fernando	149
8712	Don Carlos	149
8713	Kadingilan	149
8714	Maramag	149
8715	Quezon	149
8716	Kitaotao	149
8717	Pangantucan	149
8718	Kalilangan	149
8719	Dangcagan	149
8720	Kibawe	149
8721	Damulog	149
8722	Lantapan	149
8723	Cabanglasan	149
8800	Nabunturan	157
8801	Montevista	157
8802	Mawab	157
8803	Compostela	157
8804	New Bataan	157
8805	Monkayo	157
8806	Maco	157
8807	Mabini (Doña Alicia)	157
8808	Maragusan (San Mariano)	157
8809	Pantukan	157
8810	Laak (San Vicente)	157
9000	Cagayan de Oro	153
9001	Tagoloan	153
9002	Villanueva	153
9003	Jasaan	153
9004	Claveria	153
9005	Balingasag	153
9006	Lagonglong	153
9007	Salay	153
9008	Binuangan	153
9009	Sugbongcogon	153
9010	Kinoguitan	153
9011	Balingoan	153
9012	Talisayan	153
9013	Medina	153
9014	Gingoog	153
9015	Magsaysay	153
9016	Opol	153
9017	El Salvador	153
9018	Alubijid	153
9019	Laguindingan	153
9020	Gitagum	153
9021	Libertad	153
9022	Initao	153
9023	Naawan	153
9024	Manticao	153
9025	Lugait	153
9100	Mambajao	150
9101	Mahinog	150
9102	Guinsiliban	150
9103	Sagay	150
9104	Catarman	150
9200	Iligan	151
9201	Linamon	151
9202	Kauswagan	151
9203	Matungao	151
9204	Poona Piagapo	151
9205	Bacolod	151
9206	Maigo	151
9207	Kolambugan	151
9208	Pantao Ragat	151
9209	Tubod	151
9210	Baroy	151
9211	Lala	151
9212	Salvador	151
9213	Sapad	151
9214	Kapatagan	151
9215	Sultan Naga Dimaporo (Karomatan)	151
9216	Nunungan	151
9217	Baloi	151
9218	Pantar	151
9219	Munai	151
9220	Tangcal	151
9221	Magsaysay	151
9222	Tagoloan	151
9300	Malabang	170
9301	Picong (Sultan Gumander)	170
9302	Balabagan	170
9303	Marogong	170
9304	Tubaran	170
9305	Butig	170
9306	Lumbayanague	170
9307	Lumbatan	170
9308	Lumbaca-Unayan and Macadar Andong	170
9309	Bayang	170
9310	Binidayan	170
9311	Ganassi	170
9312	Pagayawan	170
9313	Pualas	170
9314	Madamba	170
9315	Madalum	170
9316	Bacolod Grande	170
9317	Tugaya	170
9318	Balindong	170
9319	Calanogas	170
9320	Bumbaran	170
9321	Tagoloan II	170
9400	Kidapawan	159
9401	Makilala	159
9402	M'Lang	159
9403	Tulunan	159
9404	Magpet	159
9405	President Roxas	159
9406	Matalam	159
9407	Kabacan	159
9408	Carmen	159
9409	Pikit	159
9410	Midsayap	159
9411	Libungan	159
9412	Pigkawayan	159
9413	Alamada	159
9414	Antipas	159
9415	Aleosan	159
9416	Banisilan	159
9417	Arakan	159
9500	General Santos (Dadiangas)	160
9501	Alabel	162
9502	Maasim	162
9503	Malungon	162
9504	Polomolok	160
9505	Tupi	160
9506	Koronadal	160
9507	Tampakan	160
9508	Norala	160
9509	Santo Niño	160
9510	Tantangan	160
9511	Banga	160
9512	Surallah	160
9513	T'Boli	160
9514	Kiamba	162
9514	Lake Sebu	160
9515	Maitum	162
9516	Malapatan	162
9517	Glan	162
9600	Cotabato City	171
9601	Datu Odin Sinsuat (Dinaig)	171
9602	Upi	171
9603	South Upi	171
9604	Parang	171
9605	Sultan Kudarat	171
9606	Kabuntalan	171
9607	Datu Piang	171
9608	Shariff Aguak (Maganoy)	171
9609	Ampatuan	171
9610	Pagalungan	171
9611	Sultan sa Barongis	171
9612	Talayan	171
9613	Matanog	171
9614	Barira	171
9615	Buldon	171
9616	Buluan	171
9617	Datu Paglas	171
9618	Gen. S.K. Pendatun	171
9619	Shariff Aguak	171
9620	Mangudadatu	171
9621	Datu Abdullah Sangki	171
9622	Datu Anggal Midtimbang	171
9623	Datu Blah T. Sinsuat	171
9624	Datu Hoffer Ampatuan	171
9625	Datu Salibo	171
9626	Datu Saudi-Ampatuan	171
9627	Datu Unsay	171
9628	Guindulungan	171
9629	Mamasapano	171
9630	Northern Kabuntalan	171
9631	Pagagawan	171
9632	Paglat	171
9633	Pandag	171
9634	Rajah Buayan	171
9635	Shariff Saydona Mustapha	171
9636	Sultan Mastura	171
9637	Sultan Sumagka (Talitay)	171
9700	Kapatagan	170
9700	Marawi	170
9701	Saguiaran	170
9702	Mulondo	170
9703	Lumba-Bayabao	170
9704	Tamparan	170
9705	Poona Bayabao	170
9706	Masiu	170
9708	Bubong	170
9709	Kapai	170
9710	Piagapo	170
9711	Marantao	170
9712	Taraka	170
9713	Ditsaan-Ramain	170
9714	Buadiposo-Buntong	170
9715	Maguing	170
9716	Wao	170
9800	Tacurong	161
9801	Columbio	161
9802	Lambayong	161
9803	Lutayan	161
9804	President Quirino	161
9805	Isulan	161
9806	Esperanza	161
9807	Lebak	161
9808	Kalamansig	161
9809	Palimbang	161
9810	Bagumbayan	161
9811	Senator Ninoy Aquino	161
1812	Not used	181
3023	San Jose del Monte	110
1819	Not used	181
3024	San Jose del Monte	110
